date,sro_sum,sp_mean,str_mean,tp_sum,ssro_sum,t2m_mean,streamflow
1990-01-01,0.0,54596.353987660514,814966.0832520172,0.002399102637668197,0.0006586005302375252,149.83319062162872,NaN
1990-01-02,0.0,55040.379069673574,557330.2439333702,0.006061887830383443,0.0006495282104779665,149.12536721178932,NaN
1990-01-03,0.0,55846.540551263664,-993521.0504380205,0.0026349225645488973,0.0006404331817270058,145.22032421312068,NaN
1990-01-04,0.0,54877.27551931307,-1.5737922358678055e6,0.0011787313954447782,0.000631662427605957,148.824809705513,NaN
1990-01-05,0.0,55240.54740282733,-1.1155600162043215e6,0.0023508513050591946,0.0006227770186065202,143.66052830911332,NaN
1990-01-06,0.0,55457.746659065866,-1.313696351250821e6,0.0011644587506652914,0.0006141041373526172,141.5469567595175,NaN
1990-01-07,0.0,55552.89799911425,-1.1569405753038677e6,0.0013417036803918523,0.0006057466957544534,140.53471391049973,NaN
1990-01-08,0.0,55987.66748061466,-1.3875570565371427e6,0.000497154020890856,0.0005972862312539473,139.82182653268458,NaN
1990-01-09,0.0,56436.863299488425,-1.1494658322658637e6,0.0004529645271127584,0.0005889852846539441,141.21057113750743,NaN
1990-01-10,0.0,56426.769711010435,-1.47053411916758e6,2.027361094744799e-5,0.0005807355498263393,142.76750974761933,NaN
1990-01-11,0.0,56153.457678153376,-1.0991457345801156e6,4.474509564128901e-5,0.0005725356948654808,144.18522914700193,NaN
1990-01-12,0.0,55951.279885952594,24064.287586813425,0.0002466564934405619,0.0005643641872966244,147.3861542407842,NaN
1990-01-13,0.0,55840.12597048519,-145232.00217452564,0.0005553915129004964,0.0005562539917847117,149.51768137865463,NaN
1990-01-14,0.0,56476.7307460406,-821826.0429578801,0.001129068952504044,0.000548137025752391,145.16717415801537,NaN
1990-01-15,0.0,56608.36700489843,-1.5331758132620272e6,0.0005439220690879585,0.0005401544268021385,144.24886445663216,NaN
1990-01-16,0.0,56091.38214437768,-1.6368718557377604e6,9.899651271046002e-5,0.0005322281452626253,145.30345196380733,NaN
1990-01-17,0.0,56183.52168994639,-445441.9543869329,0.0013821369730450178,0.0005242915636527203,145.3723582010449,NaN
1990-01-18,0.0,55393.1515592775,-1.5494722652638669e6,9.298295071699547e-5,0.0005165479751720907,145.1824357207548,NaN
1990-01-19,0.0,55601.38211298312,9306.598290911441,0.0019129188250458424,0.0005088712039584395,146.1137841112897,NaN
1990-01-20,0.0,56197.92931243295,-1.1916271632036278e6,0.0016507714185825977,0.0005012483305269237,143.13366735097986,NaN
1990-01-21,0.0,56475.46994982576,-1.908867303088812e6,0.0005911910532655389,0.0004937291681490053,141.58275706749075,NaN
1990-01-22,0.0,56535.77687066515,-2.3440603006174606e6,0.00012249654436194472,0.0004862740926314739,141.46081695991327,NaN
1990-01-23,0.0,56104.479129773594,-1.5771959609047503e6,1.9560120411512262e-5,0.000478857664576339,145.7709300713835,NaN
1990-01-24,0.0,56535.85378469605,-684880.5639065424,0.0008173964605772378,0.00047135310876375965,143.46871761494558,NaN
1990-01-25,0.0,56251.695767655394,-243342.67783101497,0.00014016729094715554,0.0004640494931175251,147.2428853761796,NaN
1990-01-26,0.0,55536.20638018298,-408914.21901177056,0.001309684714074102,0.0004566999489246515,147.9164356743227,NaN
1990-01-27,0.0,56181.44543211324,-1.261163573043259e6,0.0009416389123129352,0.00044937986204516113,145.52198631577895,NaN
1990-01-28,0.0,55043.4543510668,-1.5068837267886677e6,0.0004565066621831722,0.00044203600064974586,149.004856806033,NaN
1990-01-29,0.0,56608.21669640298,-576010.312524867,0.0035374779528701754,0.000434886641876679,144.0092880501085,NaN
1990-01-30,0.0,56539.78560054102,-2.2312600278705377e6,0.0001733830496256107,0.00042782197010478426,146.33439096861258,NaN
1990-01-31,0.0,56195.129737368996,-16717.081729521076,0.002876333535601621,0.0004207590539433049,145.2357823340005,NaN
1990-02-01,0.0,55503.70482680564,-2.121826700196226e6,0.0005352229093746548,0.00041384420743633657,143.01091512128107,NaN
1990-02-02,0.0,55902.00977942107,-1.3693415386893072e6,0.0008609590449666018,0.00040704633786891323,141.0981924740212,NaN
1990-02-03,0.0,56272.08557422165,-1.510800650805129e6,0.0010387491046421708,0.0004002570421523053,141.42567991866875,NaN
1990-02-04,0.0,56594.917680641935,-1.829642065169247e6,0.0004386260063095985,0.0003935285753995648,141.6309510808638,NaN
1990-02-05,0.0,55994.97956206917,-2.0915115434289936e6,4.0952322640073556e-5,0.00038691035069519936,142.86974234124807,NaN
1990-02-06,0.0,55472.36445956761,-288518.7507023325,0.0010551369151084778,0.00038027753372663124,143.75616843504733,NaN
1990-02-07,0.0,55745.930426218874,-1.93223359721443e6,0.000405136271493998,0.00037372866407176273,142.30638473937012,NaN
1990-02-08,0.0,56330.67720926042,-2.0990668890305506e6,0.00011843393029397056,0.000367151875665908,141.13175424812135,NaN
1990-02-09,0.0,56126.46561615519,-2.111083347616438e6,4.187315810936349e-5,0.00036066980562310727,141.60349819310525,NaN
1990-02-10,0.0,56398.45445988477,-2.0147827983737153e6,5.5791927505363515e-6,0.00035411305471261435,142.073448659856,NaN
1990-02-11,0.0,56167.267039989834,-1.7322836406964879e6,1.9891855858169206e-6,0.0003476035674532768,144.5571549406816,NaN
1990-02-12,0.0,56095.22232422931,-1.688338061902728e6,2.4200557065284875e-6,0.00034119414825777976,143.94466515810632,NaN
1990-02-13,0.0,55127.18451489558,-1.1073626438044577e6,0.00041404133026318337,0.0003347061314493716,146.08352189394827,NaN
1990-02-14,0.0,56122.039984818286,80837.85473784879,0.0034616785260876463,0.0003281352659265324,142.8051161355814,NaN
1990-02-15,0.0,56025.8133231813,-2.0265607146326702e6,0.0005500878168280937,0.00032166501776716887,142.21385728078172,NaN
1990-02-16,0.0,56184.927564644044,-1.8850032155805e6,0.0008551467667851897,0.0003153548546273575,137.10020751810708,NaN
1990-02-17,0.0,55785.60535874534,-2.0615989438935353e6,0.00048023474399487413,0.0003089372437025298,138.70483537330307,NaN
1990-02-18,0.0,55891.68835098807,-852851.3587607138,0.0012908249377965243,0.0003026368485431748,140.91992703873558,NaN
1990-02-19,0.0,55706.36051523467,-2.1820565009085117e6,9.9227310972079e-5,0.0002964640341945697,142.20954356926177,NaN
1990-02-20,0.0,56241.00497060327,-2.216523695102025e6,2.3667638758117436e-5,0.0002903101348594628,141.23908991450634,NaN
1990-02-21,0.0,55973.11796631381,-1.8589688544317838e6,0.00027743908044949124,0.0002841165187725264,142.48299882303678,NaN
1990-02-22,0.0,54810.08772455005,397723.45793149754,0.004479847019432364,0.000278003888557781,147.164974728995,NaN
1990-02-23,0.0,54820.267184866694,-1.6276479609412497e6,0.0013078463742220452,0.00027194124460977134,145.43602648804932,NaN
1990-02-24,0.0,55844.65627909113,-1.136611721295427e6,0.00273903415200822,0.0002659271778555215,142.98075955108453,NaN
1990-02-25,0.0,56404.96605585395,-1.7918558413300533e6,0.0006829332187912228,0.0002601371059391634,141.34548491508664,NaN
1990-02-26,0.0,56783.58191428203,-2.1523602368785017e6,0.000390451833493507,0.00025444772303405785,140.6446290705096,NaN
1990-02-27,0.0,55816.009757426815,-717468.2759539823,0.0011136581707936336,0.00024883476442592016,147.0620612239097,NaN
1990-02-28,-2.7755575615628914e-17,55966.606474506116,-1.1483377001359153e6,0.0012748195787383144,0.00024323696765121415,144.1298164794537,NaN
1990-03-01,-2.7755575615628914e-17,55372.80498408268,-2.7688919495613375e6,9.549802727021976e-5,0.00023793036314447884,141.579588120121,NaN
1990-03-02,-2.7755575615628914e-17,55321.789505184875,-1.8379613731992822e6,0.0002738964735782733,0.00023258037850363411,143.84089530846308,NaN
1990-03-03,-2.7755575615628914e-17,56255.613459385226,-1.2738027384101932e6,9.78683402696125e-5,0.00022740362265492072,145.5344648406171,NaN
1990-03-04,-2.7755575615628914e-17,56728.10588182431,-1.7051196943157983e6,8.065494244214115e-5,0.00022217204131855627,146.37931607526858,NaN
1990-03-05,-2.7755575615628914e-17,56996.756619570675,-2.2103722115433994e6,9.226903896888048e-5,0.00021716144507302317,143.57057511871852,NaN
1990-03-06,-2.7755575615628914e-17,57332.07140099089,-2.1959354839334325e6,0.0005478018727165234,0.00021217676918698075,142.58881226761864,NaN
1990-03-07,-2.7755575615628914e-17,57098.15850525638,-2.3964590585845956e6,0.00033062095747814874,0.000207151675493628,143.78981234979187,NaN
1990-03-08,-2.7755575615628914e-17,56418.74806738537,-1.8266745391387953e6,3.254131664551933e-5,0.00020239061039717022,148.74296810519823,NaN
1990-03-09,-2.7755575615628914e-17,56422.8791692882,-249199.0587598565,0.0003302972085946825,0.00019750923443730795,151.92870501660286,NaN
1990-03-10,-2.7755575615628914e-17,55508.663015121936,-311462.0060674557,0.0009924182001328798,0.00019284904554510342,157.68455987812325,NaN
1990-03-11,-2.7755575615628914e-17,55859.39986795672,-1.1731397069676174e6,0.004346707216423279,0.00018821650503635622,153.096711482265,NaN
1990-03-12,-2.7755575615628914e-17,56384.8619260432,-1.4484809753401321e6,0.002541250466883602,0.00018375901111118557,151.02377630219436,NaN
1990-03-13,-2.7755575615628914e-17,56957.35058240024,-2.5345022596597406e6,0.0007126224778637289,0.00017943987131264954,148.37317139037413,NaN
1990-03-14,-2.7755575615628914e-17,57014.59549931613,-3.102639589468772e6,0.0002133748014424231,0.00017540767325996125,147.3853419557107,NaN
1990-03-15,-2.7755575615628914e-17,56820.13780993467,-2.797452732454238e6,5.819829422409884e-6,0.00017147749594688025,150.32804070271217,NaN
1990-03-16,-2.7755575615628914e-17,56722.13057877705,-2.4695930190161695e6,1.2949955338668655e-6,0.00016766798856711934,148.99301616063514,NaN
1990-03-17,-2.7755575615628914e-17,55170.542296360414,-421896.1442539945,0.0016502237744927923,0.00016383460303800873,153.9522115196934,NaN
1990-03-18,-2.7755575615628914e-17,54840.776719323396,167047.09143407538,0.005081032223763037,0.00016020851305921846,155.75669294867825,NaN
1990-03-19,-2.7755575615628914e-17,55745.22912859077,-948192.8360424584,0.004368043130040659,0.00015664283659363144,152.13103460524027,NaN
1990-03-20,-2.7755575615628914e-17,56173.81944794675,-1.7623581546338103e6,0.0034916538702895704,0.0001531234577052134,149.2750512727758,NaN
1990-03-21,-2.7755575615628914e-17,56614.046342563786,-2.3739984601612254e6,0.0014661869851488101,0.00014976718632569755,147.4831404832982,NaN
1990-03-22,-2.7755575615628914e-17,56363.29818813999,-2.8666655261782045e6,0.0004230839300430026,0.00014650492393831035,146.43734677427358,NaN
1990-03-23,-2.7755575615628914e-17,55073.909787139884,-510965.8355565842,0.0034081728648256778,0.00014350868747421965,149.62958708880018,NaN
1990-03-24,-2.7755575615628914e-17,55700.776425426644,-1.8396711781332626e6,0.0027138780832720566,0.00014041173189896424,144.8965688672844,NaN
1990-03-25,-2.7755575615628914e-17,55714.62283376168,-1.1187049136411287e6,0.002678283800083121,0.00013733439051781684,151.45002557990497,NaN
1990-03-26,-2.7755575615628914e-17,56151.23235395138,-2.0439651681740913e6,0.0018793770837375284,0.00013438059162930904,146.37001953217882,NaN
1990-03-27,-2.7755575615628914e-17,56328.88975624611,-3.4239165344933234e6,0.0003015989830651016,0.0001314187809933221,144.57319750117156,NaN
1990-03-28,-2.7755575615628914e-17,56787.922159176196,-3.2343479183770358e6,0.00011127993528587371,0.00012857259086997535,143.5278610429957,NaN
1990-03-29,-2.7755575615628914e-17,56434.39256755469,-1.6454055544768537e6,0.0010118983258893743,0.00012570775155291573,147.81901959359342,NaN
1990-03-30,-2.7755575615628914e-17,56219.35164102077,-879268.5689658686,0.0009978688028185305,0.00012283739153591268,153.85252188901404,NaN
1990-03-31,0.0,55757.85166227431,-648632.1662323389,0.0044565408942520025,0.00012009851035806782,158.86844639456334,NaN
1990-04-01,0.0,56781.27666553072,-1.1906643776731016e6,0.005788328610368461,0.00011731892029609042,150.54097368109558,NaN
1990-04-02,0.0,57440.9665746321,-3.1421206724543786e6,0.0005879382686852366,0.00011479827139627104,148.74946215899143,NaN
1990-04-03,0.0,57256.16545892725,-3.62675199493813e6,2.0332185926294618e-5,0.0001123200935893018,149.36899551849712,NaN
1990-04-04,0.0,56788.563120517574,-2.6275929329055455e6,1.1258208452121913e-6,0.00011004332221279725,153.16284440680295,NaN
1990-04-05,0.00012559315121364278,55315.27431844167,674915.1153329677,0.009884847530379168,0.00010775181264643599,159.96080321259228,NaN
1990-04-06,1.0827972057688743e-5,55055.089115413306,-392237.53012881376,0.0018876672070522297,0.00010563843990794181,157.92849860002778,NaN
1990-04-07,0.0,55388.7978869536,-1.3502943805881178e6,0.0021637969157597982,0.00010362072592537579,155.6993039246345,NaN
1990-04-08,0.0,56078.484118851586,-1.2645163062841773e6,0.004061910812161624,0.00010177526744254795,153.37479208754453,NaN
1990-04-09,0.0,56560.436955552344,-1.6826299186393984e6,0.0019785120118509477,9.993996761739762e-5,151.66697618345555,NaN
1990-04-10,0.0,56371.906453296244,-1.7171625069091588e6,0.0008152546810000602,9.81977926953445e-5,151.12874520826935,NaN
1990-04-11,0.0,56181.705486294064,-1.6481636604871158e6,0.0011561304360590702,9.677620827219761e-5,151.19242212025372,NaN
1990-04-12,0.0,55554.4484837783,-2.2323717593570924e6,0.0009890529008842852,9.514022270544901e-5,151.75412304013355,NaN
1990-04-13,0.0,55866.688870869475,-1.2896071199700902e6,0.0036088266317930305,9.368660480340302e-5,152.71876116878113,NaN
1990-04-14,0.0,56396.096135434585,-2.0638610542531982e6,0.0021395589069772114,9.221941102931328e-5,151.53814723112967,NaN
1990-04-15,0.0,56546.65487457654,-1.83858398421873e6,0.0016628687002943877,9.08542687591176e-5,152.31962128755157,NaN
1990-04-16,0.0,55847.91393226291,-1.6127484739205423e6,0.002567697294241144,8.949963384194241e-5,153.41721298702865,NaN
1990-04-17,0.0,56326.84594796648,-1.0576362101265932e6,0.004191781857816716,8.817826446054616e-5,152.41901263720032,NaN
1990-04-18,0.0,55907.609329520776,-1.3235147472136365e6,0.0019147273988179719,8.679450185900135e-5,151.54307731712225,NaN
1990-04-19,0.0,56210.417819085524,-2.207821489902336e6,0.002432015749285069,8.548463942394455e-5,148.68076125695546,NaN
1990-04-20,0.0,57212.03442891101,-2.9361690072964714e6,0.0010013157373219316,8.426264821547502e-5,148.79818634305278,NaN
1990-04-21,0.0,56893.318542710556,-2.769488147947585e6,9.057409193776909e-5,8.299263003501305e-5,151.2809821972185,NaN
1990-04-22,0.0,56776.12041297701,-1.8163121113529769e6,0.0009439767034594626,8.177340514293585e-5,151.78854324326164,NaN
1990-04-23,0.0,57493.549248593925,-2.7595557596784127e6,0.00013359203813699197,8.04668901831771e-5,151.3542198825178,NaN
1990-04-24,0.0,56230.56808894348,-2.0012854936569703e6,0.0011008178346648817,7.917648494829288e-5,155.6894068835238,NaN
1990-04-25,1.3717800170522691e-6,56198.08897612221,43925.46718220278,0.00621475267056775,7.797416015720234e-5,155.62649721269216,NaN
1990-04-26,0.0,56654.541840452446,-1.777494337560901e6,0.0015532587129718084,7.678817755454847e-5,154.18533727822552,NaN
1990-04-27,0.0,56956.89099541991,-2.5476776931662275e6,0.00026750547388110175,7.56333218228998e-5,151.84051785215038,NaN
1990-04-28,0.0,57285.5291185257,-1.7356288140750804e6,0.00040300449743458174,7.444764142287651e-5,152.73294649525107,NaN
1990-04-29,0.0,57025.3558480588,-2.7462800727351406e6,5.942144481706549e-5,7.332093702863488e-5,154.42800359810215,NaN
1990-04-30,1.1176608974176176e-6,56348.56711330122,7274.764407393513,0.0019264834982745962,7.230305087882833e-5,156.99969707464174,NaN
1990-05-01,0.0004993132533844098,55757.934774973095,498887.5197936085,0.00639160049953322,7.132404738751355e-5,160.3804248581486,NaN
1990-05-02,3.7504274182471976e-7,56212.218867633994,-1.3059070434323251e6,0.001946780497489924,7.030410404834001e-5,156.78244788502124,NaN
1990-05-03,4.892877812896672e-7,56724.1661206749,-2.541690526349637e6,0.002329987113402029,6.941176294524895e-5,155.61768009757535,NaN
1990-05-04,0.0,56509.21901017818,-2.7398158329677596e6,0.001820296082281784,6.847763477448348e-5,156.34943930426815,NaN
1990-05-05,0.0,56606.1345233206,-2.0620886055036474e6,0.0011671672217827493,6.761970172776997e-5,154.87703898409148,NaN
1990-05-06,0.0,56591.76760402572,-3.206769470470639e6,0.00018038181542400904,6.675551018629087e-5,155.65702706454826,NaN
1990-05-07,0.0,56509.46577418607,-3.050391664318776e6,0.00011666707193260534,6.602627256251879e-5,155.60086081165505,NaN
1990-05-08,0.0,56522.470085278874,-1.7298130455183135e6,0.0008288827744687702,6.520348547331273e-5,154.71425781316123,NaN
1990-05-09,0.0,56253.629267255346,-2.2451785816910197e6,0.001294913810014116,6.450791800478902e-5,153.309039793076,NaN
1990-05-10,0.0,56836.540449905435,-2.531927279518205e6,0.0009562897202798178,6.384618466954212e-5,154.2954447141725,NaN
1990-05-11,5.3645132370317485e-5,55259.003757652856,-811832.6767292623,0.0044551542011276955,6.304004135026027e-5,158.96522012179736,NaN
1990-05-12,2.6665218915379266e-5,56375.35540549996,-632881.2493410808,0.004505961339290894,6.234731616756881e-5,155.71375582855384,NaN
1990-05-13,0.0,56566.2974003277,-3.9412594124647044e6,0.00022484832086483528,6.168776920603976e-5,158.06362685996112,NaN
1990-05-14,0.0,57095.33481526088,-2.1566044619266912e6,0.0016750357991664915,6.107296091670278e-5,157.27113023658382,NaN
1990-05-15,1.5742346700724006e-7,57009.78279640634,-2.4198974305858994e6,0.00022530816076866424,6.046848324318047e-5,160.28211197440427,NaN
1990-05-16,1.4246188787274972e-5,57225.43769109353,-3.183472623026711e6,4.201813640270517e-5,5.9759114290565254e-5,159.55445309335335,NaN
1990-05-17,0.00033202183934466885,57301.48368228926,-1.6626932211582307e6,0.0003308279602921074,5.916647036478847e-5,159.77400511616457,NaN
1990-05-18,0.0008107608259955318,57180.28588630339,-3.402821629102715e6,5.0909236411775e-6,5.8660625475593307e-5,160.33343361892256,NaN
1990-05-19,0.0019208259776307135,57374.972197937364,-4.06552146632097e6,4.476013735177159e-6,5.8271614931922424e-5,160.73081507206342,NaN
1990-05-20,0.0030882076471329695,57681.32413859077,-4.0271278346594404e6,2.625383533978667e-7,5.77673278340011e-5,160.71239068911575,NaN
1990-05-21,0.005145262376432603,57666.30159376608,-4.391821046445235e6,1.870917255780233e-7,5.968483224351639e-5,161.1740245955966,NaN
1990-05-22,0.007150571011403411,57437.35591883853,-4.514289367976361e6,1.3653983303602986e-6,6.404664780975751e-5,161.55592957851098,NaN
1990-05-23,0.00908516013821256,57221.18134592262,-4.584554378216066e6,1.3100398644294146e-7,6.772541289700739e-5,161.78017527462816,NaN
1990-05-24,0.009813950326186148,57242.213128958494,-4.610422032485708e6,2.429805720211096e-7,7.921841429865315e-5,161.7278347138078,NaN
1990-05-25,0.010695560348020413,57090.13038310996,-4.53698947366824e6,4.017632377759229e-8,8.824414761953991e-5,162.1277360119611,NaN
1990-05-26,0.011563033092301115,56522.7700221133,-3.977327808102968e6,1.2880224434276999e-5,9.59942958543441e-5,162.48773554942414,NaN
1990-05-27,0.017321828057718258,55910.75720216484,-2.9298929459989523e6,5.075476308765388e-6,0.00012091108528748453,162.8944697475051,NaN
1990-05-28,0.0013491791048667841,56119.02781872802,-1.377521357401425e6,0.0013154144753460147,6.415093783607834e-5,159.4130929224495,NaN
1990-05-29,9.545805484191412e-5,56274.83033420639,-1.8430880025031222e6,0.0009543427597181436,5.782876493546047e-5,157.9254846225249,NaN
1990-05-30,5.4357881213676114e-5,56135.631284592855,-2.0615841234846674e6,0.0025725850821810238,5.968382104567215e-5,158.28693200271005,NaN
1990-05-31,3.330461640685001e-5,55659.73421666553,-1.1754826182683285e6,0.006389816202312152,6.151881163495284e-5,158.53012840245225,NaN
1990-06-01,0.00012842876662255278,55184.06844964778,-879215.9968334623,0.003203392295182413,6.348131816558307e-5,160.96703459997315,NaN
1990-06-02,8.676335684743457e-5,55665.17125056199,-902419.6676848194,0.008907202964313674,6.537544599716534e-5,159.1194420660138,NaN
1990-06-03,2.1166573516225586e-5,55811.7134363461,-1.2609738885550078e6,0.004410650812521884,6.695094207448055e-5,159.37024920936022,NaN
1990-06-04,0.0002001960636574201,55968.39727241688,-2.0988613658707575e6,4.678059291978776e-5,6.949777812866109e-5,159.39368454358342,NaN
1990-06-05,0.0007152609359652658,56394.99537033227,-2.0049235792153482e6,0.00017705007936239434,7.975731488801e-5,160.26057515886427,NaN
1990-06-06,0.003911857363417233,56353.62011874793,-3.680021043028361e6,4.878986691284277e-6,0.00012145295773887851,161.09295377301981,NaN
1990-06-07,0.006839758347728619,56152.613613860696,-3.819642533284219e6,8.238473470014259e-7,0.00014217489527769474,161.65912146975276,NaN
1990-06-08,0.005410091661425092,56652.41519549312,-2.3505070933944765e6,0.002134275240711353,0.00011952596593603718,159.72206808229527,NaN
1990-06-09,0.006455768333237445,56867.47450087834,-2.969944056725238e6,0.0004033052000239841,0.0001549749116852606,161.80288640228991,NaN
1990-06-10,0.008821379314284785,56556.39093672057,-2.3898268701761663e6,0.002747416877234712,0.0001656554048106241,159.97384005917817,NaN
1990-06-11,0.0021888969475266752,56503.76680901254,-1.4251079876166459e6,0.0038031063201909867,0.0001436826888693621,159.74839386648037,NaN
1990-06-12,0.004538288127679569,56632.352200999194,-2.2339673518255064e6,7.250223400691448e-5,0.00020247901125724482,161.08302731287367,NaN
1990-06-13,0.009445780106554549,56120.76225071819,-3.226419977283028e6,8.710376964504318e-5,0.0002177501278181465,163.95980969336404,NaN
1990-06-14,0.022263729242872624,56033.97241769254,553295.6010003147,0.012434039695025977,0.0003610153766311727,161.4369037494203,NaN
1990-06-15,0.0030407093282499766,56553.72124205389,-2.3482804792996594e6,0.0008464268823152634,0.0003093077452225726,162.12709589634252,NaN
1990-06-16,0.01174692165782822,56251.95578900442,-2.392941923673651e6,0.0036049198553470786,0.00040736239392947127,162.9838810907988,NaN
1990-06-17,0.007233124585474263,56017.76793357133,-1.1631259607704617e6,0.008901974317604103,0.0005242075524124375,160.22418527518312,NaN
1990-06-18,2.124533226965262e-5,56213.075478783925,-1.168945547895674e6,0.009096408126108815,0.0005624642984913224,160.06634742475828,NaN
1990-06-19,0.00123259173946175,56612.54484043367,-1.0647546113223296e6,0.0012685133679837064,0.0007363014256216259,160.74800279068256,NaN
1990-06-20,0.001791854286682148,56831.36362000669,-1.723858373169477e6,0.0003930194442252804,0.0008211380768939063,160.8052924685671,NaN
1990-06-21,0.005226690997055723,56742.042217488415,-3.012133961926284e6,4.923238062840905e-5,0.000869050149534617,163.1054905047799,NaN
1990-06-22,0.010242676709898823,56502.05321758435,-1.0505740212245977e6,0.0014956151743343714,0.0011185536898202825,164.73246103734323,NaN
1990-06-23,0.020311635833439468,56348.31461728451,443766.184927033,0.018340614499609924,0.0013080256822238284,164.7931699813577,NaN
1990-06-24,0.012490177652692586,56052.51363351685,881282.7007345452,0.006355995868410728,0.0018700646695348345,164.94835025272042,NaN
1990-06-25,0.007412617813750595,55778.30716963798,869106.8650543882,0.007263232170348125,0.0023858718392624325,162.4496913549736,NaN
1990-06-26,0.0026690391612759065,56120.695882719185,20382.26830251069,0.0026217266450815416,0.0028032972893856293,161.70062875020736,NaN
1990-06-27,0.00162994651832913,56334.57354005611,-236267.0430393853,0.00401011421968912,0.0029853123790891103,162.25041007788786,NaN
1990-06-28,0.004812498332294172,56239.13717430519,-753605.675701961,0.0009718357194215452,0.003028648813183237,162.94343353295667,NaN
1990-06-29,0.0021005704640511924,56265.2955848508,-521129.019860457,0.005496790100187891,0.003069133060300103,160.89933472251417,NaN
1990-06-30,0.00012126658359601192,56420.148500487405,-526034.3005184942,0.005959451239023434,0.0031152694251796206,160.9072313636573,NaN
